graph,threads,vertices,edges,two_sweep_start,two_sweep_lb,diameter,bfs_count,io_csr_time,diameter_time
/scratch/d/dimopoul/graphs/com-Amazon/com-Amazon.mtx,128,334863,1851744,291710,47,47,253,0.065,0.136
/scratch/d/dimopoul/graphs/com-Amazon/com-Amazon.mtx,64,334863,1851744,291710,47,47,253,0.047,0.147
/scratch/d/dimopoul/graphs/com-Amazon/com-Amazon.mtx,32,334863,1851744,291710,47,47,253,0.045,0.178
/scratch/d/dimopoul/graphs/com-Amazon/com-Amazon.mtx,16,334863,1851744,291710,47,47,253,0.046,0.265
/scratch/d/dimopoul/graphs/com-Amazon/com-Amazon.mtx,8,334863,1851744,291710,47,47,253,0.047,0.443
/scratch/d/dimopoul/graphs/com-Amazon/com-Amazon.mtx,4,334863,1851744,291710,47,47,253,0.054,0.839
/scratch/d/dimopoul/graphs/com-Amazon/com-Amazon.mtx,2,334863,1851744,291710,47,47,253,0.054,1.588
/scratch/d/dimopoul/graphs/com-Amazon/com-Amazon.mtx,1,334863,1851744,291710,47,47,253,0.051,3.192
/scratch/d/dimopoul/graphs/luxembourg_osm/luxembourg_osm.mtx,128,114599,239332,4993,1337,1337,1,0.010,0.021
/scratch/d/dimopoul/graphs/luxembourg_osm/luxembourg_osm.mtx,64,114599,239332,4993,1337,1337,1,0.005,0.014
/scratch/d/dimopoul/graphs/luxembourg_osm/luxembourg_osm.mtx,32,114599,239332,4993,1337,1337,1,0.005,0.012
/scratch/d/dimopoul/graphs/luxembourg_osm/luxembourg_osm.mtx,16,114599,239332,4993,1337,1337,1,0.006,0.011
/scratch/d/dimopoul/graphs/luxembourg_osm/luxembourg_osm.mtx,8,114599,239332,4993,1337,1337,1,0.006,0.010
/scratch/d/dimopoul/graphs/luxembourg_osm/luxembourg_osm.mtx,4,114599,239332,4993,1337,1337,1,0.006,0.011
/scratch/d/dimopoul/graphs/luxembourg_osm/luxembourg_osm.mtx,2,114599,239332,4993,1337,1337,1,0.006,0.010
/scratch/d/dimopoul/graphs/luxembourg_osm/luxembourg_osm.mtx,1,114599,239332,4993,1337,1337,1,0.005,0.010
/scratch/d/dimopoul/graphs/m14b/m14b.mtx,128,214765,3358036,34515,51,51,77,0.104,0.078
/scratch/d/dimopoul/graphs/m14b/m14b.mtx,64,214765,3358036,34515,51,51,77,0.074,0.081
/scratch/d/dimopoul/graphs/m14b/m14b.mtx,32,214765,3358036,34515,51,51,77,0.068,0.081
/scratch/d/dimopoul/graphs/m14b/m14b.mtx,16,214765,3358036,34515,51,51,77,0.081,0.126
/scratch/d/dimopoul/graphs/m14b/m14b.mtx,8,214765,3358036,34515,51,51,77,0.077,0.184
/scratch/d/dimopoul/graphs/m14b/m14b.mtx,4,214765,3358036,34515,51,51,77,0.079,0.353
/scratch/d/dimopoul/graphs/m14b/m14b.mtx,2,214765,3358036,34515,51,51,77,0.075,0.662
/scratch/d/dimopoul/graphs/m14b/m14b.mtx,1,214765,3358036,34515,51,51,77,0.075,1.125
/scratch/d/dimopoul/graphs/Spielman_k100/Spielman_k100.mtx,128,338402,687002,318600,101,101,169201,0.069,4.800
/scratch/d/dimopoul/graphs/Spielman_k100/Spielman_k100.mtx,64,338402,687002,318600,101,101,169201,0.034,5.705
/scratch/d/dimopoul/graphs/Spielman_k100/Spielman_k100.mtx,32,338402,687002,318600,101,101,169201,0.035,9.727
/scratch/d/dimopoul/graphs/Spielman_k100/Spielman_k100.mtx,16,338402,687002,318600,101,101,169201,0.035,19.672
/scratch/d/dimopoul/graphs/Spielman_k100/Spielman_k100.mtx,8,338402,687002,318600,101,101,169201,0.035,38.221
/scratch/d/dimopoul/graphs/Spielman_k100/Spielman_k100.mtx,4,338402,687002,318600,101,101,169201,0.034,78.006
/scratch/d/dimopoul/graphs/Spielman_k100/Spielman_k100.mtx,2,338402,687002,318600,101,101,169201,0.035,153.033
/scratch/d/dimopoul/graphs/Spielman_k100/Spielman_k100.mtx,1,338402,687002,318600,101,101,169201,0.035,303.921
/scratch/d/dimopoul/graphs/preferentialAttachment/preferentialAttachment.mtx,128,100000,999970,3,6,7,4126,0.029,0.147
/scratch/d/dimopoul/graphs/preferentialAttachment/preferentialAttachment.mtx,64,100000,999970,3,6,7,4126,0.020,0.218
/scratch/d/dimopoul/graphs/preferentialAttachment/preferentialAttachment.mtx,32,100000,999970,3,6,7,4126,0.019,0.420
/scratch/d/dimopoul/graphs/preferentialAttachment/preferentialAttachment.mtx,16,100000,999970,3,6,7,4126,0.020,0.829
/scratch/d/dimopoul/graphs/preferentialAttachment/preferentialAttachment.mtx,8,100000,999970,3,6,7,4126,0.022,1.683
/scratch/d/dimopoul/graphs/preferentialAttachment/preferentialAttachment.mtx,4,100000,999970,3,6,7,4126,0.020,3.356
/scratch/d/dimopoul/graphs/preferentialAttachment/preferentialAttachment.mtx,2,100000,999970,3,6,7,4126,0.020,6.755
/scratch/d/dimopoul/graphs/preferentialAttachment/preferentialAttachment.mtx,1,100000,999970,3,6,7,4126,0.021,13.641
